{"02000": {"past_margin": "R +14", "unemployment": null, "census": {"percent_bachelors": 0.2768471429595563, "median_income": 71829.0, "percent_white": 0.6292516819991761, "population": 728300.0, "percent_hispanic": 0.06212687079500206, "percent_black": 0.03452972676095016}}}