{"02000": {"past_margin": "R +14", "census": {"population": 728300.0, "percent_black": 0.03452972676095016, "percent_white": 0.6292516819991761, "percent_bachelors": 0.2768471429595563, "percent_hispanic": 0.06212687079500206, "median_income": 71829.0}, "unemployment": null}}