{"02000": {"unemployment": null, "census": {"population": 728300.0, "median_income": 71829.0, "error": 0.004131309776264736, "percent_hispanic": 0.06212687079500206, "percent_white": 0.6292516819991761, "percent_black": 0.03452972676095016, "percent_bachelors": 0.24384776290701765}, "past_margin": "R +14"}}