{"02000": {"unemployment": 6.0, "census": {"population": 736855.0, "percent_white": 0.6196266565335107, "percent_black": 0.0331720623460518, "percent_hispanic": 0.06654090696269958, "median_income": 74444.0, "percent_bachelors": 0.25587403662158004, "error": 0.004308744613805723}}}
