{"11001": {"unemployment": 6.1, "census": {"population": 659009.0, "percent_white": 0.35769162484882605, "percent_black": 0.48345015014969445, "percent_hispanic": 0.10486351476231735, "median_income": 72935.0, "percent_bachelors": 0.5055830718469148, "error": 0.005279303017769466}}}