{"11001": {"past_margin": "D +84", "unemployment": 6.9, "census": {"percent_bachelors": 0.5339118767801844, "median_income": 69235.0, "percent_white": 0.3537498264261459, "population": 633736.0, "percent_hispanic": 0.09883768635520153, "percent_black": 0.49569221253013873}}}