{"11001": {"unemployment": 6.9, "census": {"population": 633736.0, "median_income": 69235.0, "error": 0.005984694397993819, "percent_hispanic": 0.09883768635520153, "percent_white": 0.3537498264261459, "percent_black": 0.49569221253013873, "percent_bachelors": 0.4875995488324232}, "past_margin": "D +84"}}