{"11001": {"past_margin": "D +84", "census": {"population": 633736.0, "percent_black": 0.49569221253013873, "percent_white": 0.3537498264261459, "percent_bachelors": 0.5339118767801844, "percent_hispanic": 0.09883768635520153, "median_income": 69235.0}, "unemployment": 6.9}}